{"cameraMode":{"drawMode":0,"name":"Shaded","section":"Shading Mode"},"sceneLighting":true,"audioPlay":false,"sceneViewState":{"showFog":true,"showMaterialUpdate":false,"showSkybox":true,"showFlares":true,"showImageEffects":true,"showParticleSystems":true},"in2DMode":false,"pivot":{"x":586.8670654296875,"y":304.228759765625,"z":0.186614990234375},"rotation":{"x":-0.00269033364020288,"y":0.00449523888528347,"z":0.0000102877611425356,"w":0.9999930262565613},"size":201.44773864746095,"orthographic":false}