{"cameraMode":{"drawMode":0,"name":"Shaded","section":"Shading Mode"},"sceneLighting":true,"audioPlay":false,"sceneViewState":{"showFog":true,"showMaterialUpdate":false,"showSkybox":true,"showFlares":true,"showImageEffects":true,"showParticleSystems":true},"in2DMode":false,"pivot":{"x":-2.318216323852539,"y":3.964470863342285,"z":0.29711246490478518},"rotation":{"x":-0.05028828978538513,"y":0.9056710600852966,"z":-0.11224734783172608,"w":-0.4057507812976837},"size":7.717398166656494,"orthographic":false}